Sr#,,M.CODE,Item,Type,P.Rate,S.Rate,Disc,T.Stock,Carton,Pcs,STATUS,Action
1,,,Sinbad Vegetable Oil 18LT,,105.00,82.00,0.00,0.00,,,,
2,,,Al Mudhish Tea Milk 48x410gm,Kilo grams,128.10,0.00,0.00,1.00,,,,
3,,,Long life milk 1LTR,Liter,36.00,38.00,0.00,1.00,,,,
4,,,ZEERA,Kilo grams,10.54,18.00,0.00,363.00,,,,
5,,,RKG PURE GHEE 5 LITER,Liter,210.00,190.00,0.00,0.00,,,,
6,,,Black Chana,,4.93,5.00,0.00,442.50,29,7,,
7,,,White Chana 8mm 15 Kg,Kilo grams,4.37,3.75,0.00,324.00,21,9,,
8,,,Daal Moong,Kilo grams,5.75,9.00,0.00,338.50,22,8,,
9,,,Daal Chana,Kilo grams,5.61,5.00,0.00,90.00,6,0,,
10,,,White Chana 7mm,Kilo grams,3.80,3.00,0.00,3032.50,202,2,,
11,,,Sugar (RENUKA) 50 kg,,2.51,2.65,0.00,1578.50,31,28,,
12,,,Pak Atta 50 Kg,KG,124.02,6.00,0.00,-3.00,,,,
13,,,Al Ghurair Chaki Atta 25 Kg rodha,Kilo grams,110.00,0.00,0.00,0.00,,,,
14,,,Dr Kitchen Catering Milk 48x410,Kilo grams,114.38,118.00,0.00,77.50,,,,
15,,,Black Cardamom Badi Elaichi,Kilo grams,47.07,130.00,0.00,7.35,,,,
16,,,Red Kishmish,Grams,20.87,8.92,0.00,0.00,,,,
17,,,Black Raisin Kali Kishmish,Grams,9.45,12.60,0.00,19.50,,,,
18,,,Kishmis Gold Irani  CTN,Grams,16.26,9.03,0.00,6.85,,,,
19,,,potato spring (aloo bukhara ),,24.89,9.03,0.00,3.00,,,,
20,,,Yamama Lemon Juice 1LTR,,4.45,8.00,0.00,37.00,,,,
21,,,American Garden Mayonaise 3.78 L,,14.44,65.10,0.00,1.00,,,,
22,,,Real Value Mayonise Galon 4x4,,15.31,0.00,0.00,2.00,,,,
23,,,Dar Chini Stick,,11.55,35.00,0.00,106.35,,,,
24,,,cloves (laung ),,32.84,70.00,0.00,28.55,,,,
25,,,the flower of bayan,,13.56,64.00,0.00,31.70,,,,
26,,,Food Color (bush),,2.15,4.00,0.00,413.00,,,,
27,,,Dr Kitchen Ketchup 5KG,,13.95,55.00,0.00,41.00,,,,
28,,,NUTMEG (JAIPHAL ),,33.43,88.00,0.00,39.55,,,,
29,,,Gur,,5.57,8.00,0.00,20.00,,,,
30,,,Lipton Tea Bag 36x100,,9.86,11.03,0.00,50.00,,,,
31,,,Alokozay black TEA Bag,,9.56,0.00,0.00,10.00,,,,
32,,,Alokozay Green Tea Bag 100s,,11.55,12.00,0.00,-2.00,,,,
33,,,Alkozay Tea Powder 5 Kg,,81.27,75.00,0.00,13.00,,,,
34,,,Gold Spoon Ghee 1x10LTR,,59.85,0.00,0.00,2.00,,,,
35,,,Nezo Salt PKT 1 KG Blue,,1.48,2.69,0.00,0.00,,,,
36,,,HAT Macaroni Corni 20x400gm,,1.63,1.63,0.00,100.00,,,,
37,,,Fenugreek (Qasuri Methi ) 50g,,1.04,3.00,0.00,584.00,,,,
38,,,MDH Kasuri Methi 1kgx6,,53.09,0.00,0.00,7.00,,,,
39,,,china salt,,7.03,11.00,0.00,425.00,,,,
40,,,Mixed Achar 5 kg jar,,14.00,0.00,0.00,-3.00,,,,
41,,,vinegar (sirka) 4 liter,,4.51,4.50,0.00,15.00,,,,
42,,,Dr Kitchen 9gmx100 pouch Ketchup,,41.48,0.00,0.00,2.00,,,,
43,,,Two Spoon kc VEG Ghee 10 LIT Tin,,78.00,0.00,0.00,0.00,,,,
44,,,Shan Karahi Masala,,32.48,35.00,0.00,0.00,,,,
45,,,Shan Qorma Masala  UAE,,32.00,39.00,0.00,0.00,,,,
46,,,Shan Nihari Masala,,33.86,35.00,0.00,0.00,,,,
47,,,Shan Bombay Biryani  UAE,,33.80,42.00,0.00,0.00,,,,
48,,,shan Pulao Masala,,33.80,35.00,0.00,0.00,,,,
49,,,SHAN biryani masala UAE,,37.28,40.00,0.00,0.00,,,,
50,,,Maa Chat masala,,25.46,35.00,0.00,0.00,,,,
51,,,shan lahori chana masala,,29.00,29.00,0.00,0.00,,,,
52,,,Shan Achar Gosht  UAE 1 kg,,34.03,35.00,0.00,0.00,,,,
53,,,Maa Paya Masala,,25.41,35.00,0.00,14.00,,,,
54,,,MPF Pulao Biryani masala 1kg,,25.00,32.00,0.00,36.00,,,,
55,,,MPF Chicken Tikka,,24.86,35.00,0.00,1.00,,,,
56,,,MPF Qorma Masala,,24.00,32.00,0.00,8.00,,,,
57,,,MPF Nihari Masala,,23.00,25.20,0.00,13.00,,,,
58,,,MPF Chat Masala 1Kgx10,,24.83,25.20,0.00,22.00,,,,
59,,,Dry Lemon Yellow-10KG,,9.00,0.00,0.00,0.00,,,,
60,,,Soyasaus 1LTR,,3.00,8.00,0.00,6.00,,,,
61,,,BIRYANI SENS--,,0.87,0.77,0.00,10.00,,,,
62,,,Olive Oil Blend Refine 1LTx12pc,,18.00,0.00,0.00,0.00,,,,
63,,,Chings Red Chiliy Sauce 24x680gms,,9.00,4.73,0.00,0.00,,,,
64,,,national masala dibi,,5.97,8.00,0.00,47.00,,,,
65,,,shan masala dabi,,3.95,4.50,0.00,102.97,,,,
66,,,Eastern Chicken Masala,,25.20,0.00,0.00,1.00,,,,
67,,,Achar Mix 1 KG,,9.94,13.00,0.00,9.00,,,,
68,,,YEAST--,,11.55,18.00,0.00,5.00,,,,
69,,,Maggie Chicken Cube 1x24,,16.80,18.00,0.00,-1.00,,,,
70,,,Hot Sauce 36x88Ml Kit Crown,,0.75,2.00,0.00,47.00,,,,
71,,,Kewuda Water,,2.32,2.50,0.00,31.00,,,,
72,,,Imli 1Kgx20pcs 20Kg,,10.00,28.00,0.00,116.80,,,,
73,,,Bijam Tomato Paste 800GM,,8.00,0.00,0.00,0.00,,,,
74,,,rose water,,1.10,2.00,0.00,-6.00,,,,
75,,,Safa Glucose 24x450gm,,4.00,8.00,0.00,3.00,,,,
76,,,Soya Sauce 1x4LTR,,13.93,0.00,0.00,5.00,,,,
77,,,nascafe classic Jar 190 gm,,19.00,0.00,0.00,0.00,,,,
78,,,white chana (desi),,37.80,54.00,0.00,4.00,0,4,,
79,,,Daal Urid,,6.36,9.00,0.00,261.00,17,6,,
80,,,Cooking Cream (flexi Gold),,14.12,0.00,0.00,3.00,,,,
81,,,china salt no 1--,,1.00,9.00,0.00,45.25,,,,
82,,,Shan Haleem Masala  1 kg,,33.40,295.00,0.00,0.00,,,,
83,,,Coriander whole Dhanya,,7.77,9.00,0.00,171.60,,,,
84,,,Chili Powder Lal Badshahi 25 kg,,13.83,12.00,0.00,22.00,,,,
85,,,Black Pepar Whole,,27.67,52.00,0.00,20.15,,,,
86,,,Haldi No 1,,8.57,32.00,0.00,285.85,11,10,,
87,,,Kashmiri Chiliy Powder,,17.95,12.00,0.00,10.00,,,,
88,,,SEMOLINA (SUJI),,2.76,3.00,0.00,342.15,13,17,,
89,,,rice sona masoori,,3.28,3.50,0.00,-713.00,-40,-11,,
90,,,Super Dish Wash Liquid 4x5LTR,,6.75,8.00,0.00,17.00,,,,
91,,,Zain Hand wash,,7.76,4.25,0.00,10.00,,,,
92,,,Green Elachi Sabz,,103.64,130.00,0.00,-0.98,,,,
93,,,peanuts ( mungfali )--,,6.93,9.00,0.00,141.50,,,,
94,,,Zahran Jeerakashala Rice 18 Kg,,6.46,9.00,0.00,14.50,,,,
95,,,Pepper Black Powder ( Kali Mirrch Powder ),,9.14,35.00,0.00,6.80,,,,
96,,,Garam Masala Powder 20kg,,8.73,28.00,0.00,23.80,,,,
97,,,Dhaniya Powder,,6.61,7.00,0.00,104.00,,,,
98,,,Zeera Powder,,10.07,25.00,0.00,5.00,,,,
99,,,grand mill atta,,78.00,105.00,0.00,-3.00,,,,
100,,,Crushed Chiliy 15 KG b,,16.85,26.00,0.00,123.25,,,,
101,,,Mitha Soda,,2.31,9.00,0.00,180.60,,,,
102,,,Salt Bag (25 KG),,15.00,37.00,0.00,310.00,,,,
103,,,red chilly  (919),,9.89,19.00,0.00,535.90,21,10,,
104,,,lemon salt (tatri),,10.00,3.86,0.00,0.00,,,,
105,,,ginger powder (adrak powder ),,27.30,10.50,0.00,12.50,,,,
106,,,celery (ajwain ),,10.20,18.00,0.00,3.05,,,,
107,,,Phasphoras,,5.00,15.00,0.00,-34.00,,,,
108,,,Sweet Cumin Big 10kg,,6.86,9.00,0.00,47.75,,,,
109,,,Kalwanji 10Kg,,10.92,36.00,0.00,22.40,,,,
110,,,Wheat Broken,,0.88,2.88,0.00,-16.00,,,,
111,,,Sarson saag 850 gm,,9.46,12.00,0.00,-9.00,,,,
112,,,WHITE TILL,,9.70,22.00,0.00,35.50,,,,
113,,,Sunflower Oil 5 Liter,,38.05,40.00,0.00,0.00,,,,
114,,,COOKING OIL 17 lit,,93.80,92.00,0.00,-8.00,,,,
115,,,Daal Masoor Whole 15kg,,2.71,5.00,0.00,317.00,21,2,,
116,,,Steel Wool 1x6 PAct,,5.47,7.00,0.00,1.00,,,,
117,,,Punjab Kitchen Rice 40Kg,,250.01,0.00,0.00,0.00,,,,
118,,,AL FAJR STEAM RICE,,3.28,5.00,0.00,536.90,15,11,,
119,,,MIlk Powder 25 Kg F R,,7.61,0.00,0.00,24.00,,,,
120,,,Round Chili,,16.80,15.00,0.00,32.50,,,,
121,,,shurooq,,10.00,0.00,0.00,0.00,,,,
122,,,FINE TWO SPOON GHEE,,68.00,0.00,0.00,0.00,,,,
123,,,Long chilly,,18.60,18.00,0.00,54.00,,,,
124,,,Mustard Seeds 1kg,,3.00,4.06,0.00,24.65,,,,
125,,,Almasa Chaki Atta 50kg,,85.00,0.00,0.00,0.00,,,,
126,,,Kabul  1 atta,,83.99,105.00,0.00,0.00,,,,
127,,,green chilli sauce 300g,,8.00,0.00,0.00,0.00,,,,
128,,,garlic powder (lahsun powder ),,5.18,4.20,0.00,22.20,,,,
129,,,White chana 12mm 25kg,,5.46,6.00,0.00,136.00,5,11,,
130,,,Egg India Medium,,12.49,0.00,0.00,2.00,,,,
131,,,Sponge (FOAM),,2.94,10.50,0.00,-36.00,,,,
132,,,China Salt 454 GM,,9.00,0.00,0.00,0.00,,,,
133,,,surf,,31.87,23.00,0.00,7.00,,,,
134,,,Spoonz Chakki Atta 50 kg,,105.00,0.00,0.00,0.00,,,,
135,,,Mix Masala powder,,8.00,0.00,0.00,-1.00,,,,
136,,,Tej patta 10 kg,,6.53,50.00,0.00,-1.45,,,,
137,,,White Peper Powder 20kg,,13.59,24.00,0.00,15.00,,,,
138,,,mix masala kg,,15.23,35.00,0.00,11.50,,,,
139,,,Dalda Ghee 4x4kg,,60.00,15.49,0.00,0.00,,,,
140,,,Jalvatri,,218.46,200.00,0.00,-0.07,,,,
141,,,Coila  bags,,28.00,23.00,0.00,0.00,,,,
142,,,shan biryani masla,,33.00,38.00,0.00,-2.00,,,,
143,,,Olive oil 4ltr,,49.00,48.00,0.00,0.00,,,,
144,,,Makkai Atta,,4.50,8.00,0.00,0.00,,,,
145,,,Food Colour (green),,1.40,3.00,0.00,1.00,,,,
146,,,Al Ameera Tahina 6.5 kg,,126.00,59.00,0.00,1.00,,,,
147,,,Pepsi cartan,,52.00,0.00,0.00,0.00,,,,
148,,,ROTI PAPER,,27.00,27.00,0.00,0.00,,,,
149,,,COCONUT POWDER,,8.61,12.03,0.00,31.25,,,,
150,,,Shan Chicken Tikka,,33.00,7.00,0.00,0.00,,,,
151,,,Sunny Cooking Oil 750mlx12,,52.00,60.00,0.00,0.00,,,,
152,,,Partha Maida Emigrain. atta,,122.85,125.00,0.00,0.00,,,,
153,,,Chicken Stock Powder,,23.00,18.00,0.00,2.00,,,,
154,,,Seylon Tea Powder,,55.00,65.00,0.00,0.00,,,,
155,,,olive Oil 5 Liter,,54.95,67.00,0.00,4.00,,,,
156,,,MPF Karahi Gosht Masala 1x10,,23.86,35.00,0.00,40.00,,,,
157,,,MPF Achar Gosht Masala 1x10,,24.08,35.00,0.00,32.00,,,,
158,,,MPF Biryani masala  1Kg,,24.05,35.00,0.00,26.00,,,,
159,,,sabudana,,2.00,3.00,0.00,0.00,,,,
160,,,fried onion (peyaz),,9.98,12.00,0.00,16.50,,,,
161,,,red kindney bean,,7.39,7.00,0.00,158.50,10,8,,
162,,,Hing Powder,,8.00,10.00,0.00,0.00,,,,
163,,,eastern masala dabi,,26.25,32.00,0.00,0.00,,,,
164,,,Maa Haleem Masala,,24.00,30.00,0.00,0.00,,,,
165,,,Sella Rice,,5.50,5.50,0.00,5020.00,135,25,,
166,,,Amul GEE 12x1Ltr,,28.00,33.00,0.00,0.00,,,,
167,,,Shan Qorma Masala,,33.00,35.00,0.00,0.00,,,,
168,,,Aseel Ghee 1Kg x12,,14.31,13.13,0.00,6.00,,,,
169,,,Shan SEEK KABAB,,33.00,35.00,0.00,0.00,,,,
170,,,MPF Bombay Biryani,,34.13,35.00,0.00,39.00,,,,
171,,,Anar Dana,,22.97,32.00,0.00,0.75,,,,
172,,,al Mudhuidsh Milk powder 2.5kg,,48.00,52.00,0.00,0.00,,,,
173,,,BLACK SALT,,4.43,4.00,0.00,6.70,,,,
174,,,Smokey white,,68.00,60.00,0.00,0.00,,,,
175,,,dry apricot (khubani),,10.35,6.30,0.00,20.00,,,,
176,,,Roasted Gram Split 1kg,,9.62,35.00,0.00,-0.50,,,,
177,,,Daal Toor,,6.96,6.83,0.00,-30.00,,,,
178,,,Methi dana,,4.61,18.00,0.00,14.55,,,,
179,,,kitchaen best atta,,105.00,120.00,0.00,0.00,,,,
180,,,READY TO COOK,,2.77,50.00,0.00,4.00,,,,
181,,,KICHEN KING MILK,,105.00,118.00,0.00,0.00,,,,
182,,,milk,,38.67,23.50,0.00,-2.00,,,,
183,,,Daal Masoor  1KG,,2.88,7.50,0.00,2395.00,159,10,,
184,,,Haira White Egg,,135.00,0.00,0.00,-0.50,,,,
185,,,green peas,,2.99,3.00,0.00,141.00,7,1,,
186,,,CORN FLOUR,,3.79,4.00,0.00,57.00,,,,
187,,,Butter 500g,,5.51,11.00,0.00,0.00,,,,
188,,,Plastic CONT 250 CC Shu White L,,100.00,100.80,0.00,0.00,,,,
189,,,Red Lable Brooke Bond 2x5,,78.44,87.00,0.00,6.00,,,,
190,,,Daal Moong Whole,,5.02,7.00,0.00,95.50,6,5,,
191,,,Steel Wool 45 GRM,,1.00,1.58,0.00,0.00,,,,
192,,,Safa Milk 1x12,,37.80,40.00,0.00,2.00,,,,
193,,,Curry Powder 500g,,8.39,16.00,0.00,27.00,,,,
194,,,nascafe bottle 200 gm,,19.91,15.00,0.00,14.00,,,,
195,,,Nurse Cape Hairnet Black 1000,,3.00,31.50,0.00,0.00,,,,
196,,,Hat Spaghetti 400Gm x20,,1.72,1.63,0.00,21.00,,,,
197,,,Janan Atta 50KG,,119.70,0.00,0.00,0.00,,,,
198,,,Beson 15 k,,3.08,5.20,0.00,152.00,10,2,,
199,,,cold drinks,,52.00,55.00,0.00,0.00,,,,
200,,,GARAM MASALA SABIT,,21.88,32.00,0.00,-13.00,,,,
201,,,mustard oil,,8.93,4.00,0.00,11.00,,,,
202,,,afghan maida,,100.00,105.00,0.00,0.00,,,,
203,,,COOCKIN OIL 16 LIT,,88.20,86.00,0.00,24.00,,,,
204,,,MATTA RICE,,2.97,50.00,0.00,0.00,,,,
205,,,MPF Almond 27 30 500GM,,42.00,34.00,0.00,0.00,,,,
206,,,Butter 200g,,7.00,8.00,0.00,0.00,,,,
207,,,Shan Chicken Tikka Masala  UAE 1 Kg,,33.00,36.75,0.00,0.00,,,,
208,,,shan paya masala,,33.00,39.69,0.00,0.00,,,,
209,,,SHAN Bombay Biryani Masala,,33.00,35.00,0.00,0.00,,,,
210,,,Aseel Offer 4x4,,47.10,0.00,0.00,1.00,,,,
211,,,QBB PURE GHEE 16ML,,40.00,75.00,0.00,0.00,,,,
212,,,Custard Powder 454GM,,7.00,8.00,0.00,0.00,,,,
213,,,dates (khajour),,25.00,30.00,0.00,0.00,,,,
214,,,Rowan Atta,,100.00,108.15,0.00,0.00,,,,
215,,,Rk Curry Powder 1 Kg,,8.00,0.00,0.00,0.00,,,,
216,,,soya beans,,5.75,12.00,0.00,80.00,,,,
217,,,777 immli,,9.00,0.00,0.00,0.00,,,,
218,,,Hayath Spoon Ghee 1x11 LTR,,89.00,89.25,0.00,0.00,,,,
219,,,Char Maghaz--,,20.00,30.00,0.00,0.00,,,,
220,,,grand mill maida,,80.80,115.00,0.00,-11.00,,,,
221,,,Kheer Mix,,4.06,6.00,0.00,33.00,,,,
222,,,RICE POWDER,,3.50,3.75,0.00,2.00,,,,
223,,,MILK POWDER BAG 25 KG,,14.80,15.60,0.00,0.00,,,,
224,,,mumtaz ghee 16 kg,,92.40,145.00,0.00,0.00,,,,
225,,,black salt powder,,4.00,0.00,0.00,0.00,,,,
226,,,CASHEW (KAJU),,38.85,38.00,0.00,1.20,,,,
227,,,FOIL,,10.00,14.00,0.00,0.00,,,,
228,,,SIRACHA SAUCE,,4.00,6.00,0.00,3.00,,,,
229,,,SANDWICH PAPER,,4.00,5.20,0.00,0.00,,,,
230,,,MAXI ROLL,,15.00,17.00,0.00,0.00,,,,
231,,,ALUMINIUM FOIL,,18.00,20.00,0.00,0.00,,,,
232,,,BONELESS CHICKEN BREAST,,110.00,110.00,0.00,0.00,,,,
233,,,VEAL LEG 4X4,,52.50,340.00,0.00,0.00,,,,
234,,,CHICKEN LEG,,90.00,0.00,0.00,0.00,,,,
235,,,YOGHURT (BUCKET 10 KG ),,36.00,35.50,0.00,0.00,,,,
236,,,LACNOR FULL CREAM MILK (CTN),,36.00,40.37,0.00,0.00,,,,
237,,,TISSUE,,25.93,13.00,0.00,4.00,,,,
238,,,GLOVES,,9.00,10.00,0.00,0.00,,,,
239,,,Lipton Tea Powder 5 kg,,90.00,98.00,0.00,0.00,,,,
240,,,Cream fresh,,5.00,5.00,0.00,-1.00,-1,-1,,
241,,,Chicken 1100 gram,,115.00,95.00,0.00,4.10,,,,
242,,,PLASTIC TABLE SPOON,,1.00,1.05,0.00,0.00,,,,
243,,,LIDS PAPER CUPS,,47.00,35.00,0.00,0.00,,,,
244,,,PACKING PLASTIC COVER,,6.00,7.00,0.00,0.00,,,,
245,,,PLASTIC BAG,,27.50,26.50,0.00,0.00,,,,
246,,,BARAKA ATTA,,94.50,0.00,0.00,0.00,,,,
247,,,MOZZARELLA CHESE 6x2kg,,20.00,0.00,0.00,0.00,,,,
248,,,Turkey Maida,,95.00,99.00,0.00,0.00,,,,
249,,,Daal Urid  Whole,,4.63,72.45,0.00,0.00,,,,
250,,,CHICKEN 900g,,80.92,85.00,0.00,1.00,,,,
251,,,CHICKEN LEVER,,135.46,55.00,0.00,0.50,,,,
252,,,BEEF BRAIN,,60.00,165.00,0.00,0.00,,,,
253,,,MUTTON KHEEMA,,0.00,48.00,0.00,-1.00,,,,
254,,,MUTTON CUBE 18kg,,330.75,340.00,0.00,-0.65,,,,
255,,,BOBY VEAL 18kg,,354.90,320.00,0.00,1.00,,,,
256,,,VEAL LEG 18kg,,310.00,315.00,0.00,0.00,,,,
257,,,CHICKEN LEG QTR 15kg,,111.14,120.00,0.00,140.00,,,,
258,,,CHICKEN BREAST 12kg,,168.00,125.00,0.00,0.00,,,,
259,,,SARSO KA OIL,,24.00,26.00,0.00,-1.00,,,,
260,,,FRUIT COCKTAIL,,6.30,6.00,0.00,0.00,,,,
261,,,PAPER CUPS,,42.00,45.00,0.00,-9.00,,,,
262,,,PARCEL GLASS,,16.80,19.00,0.00,0.00,,,,
263,,,CHICKEN 1000 GRM,,103.95,90.00,0.00,0.00,,,,
264,,,STRAW,,4.50,5.00,0.00,0.00,,,,
265,,,CHICKEN BONELESS SHAWARMA,,90.00,102.00,0.00,0.00,,,,
266,,,MUSHROOM,,3.68,3.50,0.00,0.00,,,,
267,,,Custard Powder 285GM,,4.18,8.00,0.00,10.00,,,,
268,,,CLING FLIM,,12.00,20.00,0.00,-1.00,,,,
269,,,PLASTIC TRAY,,17.00,17.00,0.00,0.00,,,,
270,,,RAVA,,60.00,70.00,0.00,0.00,,,,
271,,,ajinamoto,,1.00,2.00,0.00,0.00,,,,
272,,,PISTA,,40.00,44.00,0.00,0.00,,,,
273,,,BAKING POWDER,,5.72,8.00,0.00,4.00,,,,
274,,,TANG,,17.00,42.00,0.00,0.00,,,,
275,,,DOUBLE SPOON GHEE,,90.30,86.00,0.00,1.00,,,,
276,,,Rooh Afza,,9.55,12.00,0.00,2.00,,,,
277,,,BONTHI MIXTURE BHALIA,,6.00,7.00,0.00,0.00,,,,
278,,,CHICKEN 1200g,,122.27,99.00,0.00,7.00,,,,
279,,,BEEF LIVER,,7.35,7.00,0.00,10.00,,,,
280,,,BEEF MINCED (KHEEMA),,33.60,64.00,0.00,0.75,,,,
281,,,KHAJUR (DATES),,60.00,65.00,0.00,0.00,,,,
282,,,basil seeds (tokh malanga)--,,31.50,32.00,0.00,0.00,,,,
283,,,BREAD CRUMBS,,12.08,11.50,0.00,0.00,,,,
284,,,CORN,,3.15,3.00,0.00,0.00,,,,
285,,,AL BAKER MAIDA 10KG,,24.00,26.00,0.00,0.00,,,,
286,,,SEVIYAN,,2.00,3.00,0.00,-12.00,,,,
287,,,Cornflour Dibi,,1.88,5.00,0.00,6.00,,,,
288,,,SHRIMP,,27.83,24.50,0.00,0.00,,,,
289,,,FISH FILLET,,96.09,65.00,0.00,0.00,,,,
290,,,Abudabhi atta,,110.78,105.00,0.00,0.00,,,,
291,,,Abudhabi Maida,,105.00,115.00,0.00,0.00,,,,
292,,,maida loose,,6.26,3.00,0.00,-24.00,,,,
293,,,Almasa Maida,,80.40,105.00,0.00,2.00,,,,
294,,,Almasa chapati atta,,75.80,102.00,0.00,0.00,,,,
295,,,Almasa Maida 10kg,,18.00,20.00,0.00,-1.00,,,,
296,,,Kraft Cheese Glass 870GM,,28.64,22.00,0.00,0.00,,,,
297,,,Sunflower Oil 4 Ltr,,32.73,48.00,0.00,8.00,,,,
298,,,Almasa Atta 10kg,,18.00,20.00,0.00,0.00,,,,
299,,,coockig oil 10 liter,KG,51.58,55.00,0.00,4.00,,,,
300,,,Frozen Paratha,,6.00,7.00,0.00,0.00,,,,
301,,,Shawarma Masala,,26.00,29.00,0.00,0.00,,,,
302,,,Ice cream,,20.00,22.00,0.00,0.00,,,,
303,,,Tortilla,,3.00,4.00,0.00,0.00,,,,
304,,,olive seeds,,4.00,5.00,0.00,0.00,,,,
305,,,Carry Bag Large,,5.90,7.00,0.00,-10.00,-1,-10,,
306,,,HL BLACK TEA,,68.25,0.00,0.00,0.00,,,,
307,,,WHITE PEPPER WHOLE,,30.45,0.00,0.00,25.00,,,,
308,,,SHAN MASALA 1KG,,34.10,38.00,0.00,215.50,,,,
309,,,CHICKEN NOODLES,,1.25,3.00,0.00,120.00,,,,
310,,,GULABI TEA POWDER,,14.18,0.00,0.00,12.00,,,,
311,,,rkg ghee 500gm,,120.00,0.00,0.00,0.00,,,,
312,,,Apna Maida,,52.50,100.00,0.00,0.00,,,,
313,,,KAJAH TEA,,61.95,0.00,0.00,5.00,,,,
314,,,RKG (1KG),Kilo grams,49.00,60.00,0.00,5.00,,,,
315,,,coocking oil 20 liter,Liter,105.00,108.00,0.00,0.00,,,,
316,,,Dr Kitchen Tea 5 kg,Kilo grams,50.00,75.00,0.00,1.00,,,,
317,,,SPOONZ PARATHA MAIDA,KG,105.00,0.00,0.00,0.00,,,,
318,,,janan maida,,121.70,0.00,0.00,10.00,,,,
319,,,GRAND MILL MAIDA (10KG),,18.00,0.00,0.00,0.00,,,,
320,,,TENZO MILK,,85.00,0.00,0.00,0.00,,,,
321,,,WHITE KIDNEY BEANS,,6.27,0.00,0.00,88.50,,,,
322,,,MANJUSREE RICE 18KG,,64.63,0.00,0.00,0.00,,,,
323,,,MANJUSREE RICE 35 KG,,55.00,0.00,0.00,0.00,,,,
324,,,gold sona masoori,,57.00,0.00,0.00,0.00,,,,
325,,,MALA BLACK TEA 5 KG,,60.90,0.00,0.00,4.10,,,,
326,,,GRAND MILL ATTA 10 KG,,18.04,0.00,0.00,0.00,,,,
327,,,SUFRA,,5.00,0.00,0.00,-12.00,,,,
328,,,RKG GHEE 100GM,,39.00,0.00,0.00,0.00,,,,
329,,,CHICKEN 1300GM,,118.00,0.00,0.00,0.00,,,,
330,,,SAUSAGES,,5.00,0.00,0.00,0.00,,,,
331,,,BLACK EYE BEANS,,4.00,0.00,0.00,15.00,,,,
332,,,ALMONIA,,147.00,0.00,0.00,0.00,,,,
333,,,RANGADA,,250.00,0.00,0.00,0.10,,,,
334,,,SONA MASOORI 35 KG,,107.50,0.00,0.00,1.00,,,,
335,,,hattan tea 5 kg,,58.00,0.00,0.00,0.00,,,,
336,,,karak tea 5kg,,65.00,0.00,0.00,0.00,,,,
337,,,MIX VEG 400GM,,3.00,0.00,0.00,0.00,,,,
338,,,white channa 9mm,,4.00,5.00,0.00,150.00,10,0,,
339,,,BOOST,,7.88,0.00,0.00,24.00,,,,
340,,,CLOREX,,2.00,0.00,0.00,-2.00,,,,
341,,,FRENCH FRIES,,10.00,0.00,0.00,0.00,,,,
342,,,EASTERN CHICKEN MASALA 125 GM,,24.00,0.00,0.00,1.00,,,,
343,,,PANEER CUBES,,27.82,0.00,0.00,-1.00,,,,
344,,,TOOTH PICK 12 PCS,,15.00,0.00,0.00,0.00,,,,
345,,,KIMBALL CHILLI SAUCE340GM,,3.00,0.00,0.00,4.00,,,,
346,,,PAPADAM,,10.00,0.00,0.00,0.00,,,,
347,,,DOSA RICE 18KG,,5.00,0.00,0.00,0.00,,,,
348,,,Test item,,14.96,0.00,0.00,0.00,,,,
349,,,Test item 2,,95.00,0.00,0.00,0.00,,,,
350,,,Test Item 3,,21.50,0.00,0.00,0.00,,,,
351,,,MDH KITCHEN KING100GM,,6.30,0.00,0.00,11.00,,,,
352,,,250 ml bowl,,118.00,0.00,0.00,-10.00,,,,
353,,,CHICKEN MASALA,,14.70,0.00,0.00,3.00,,,,
354,,,MEAT MASALA,,14.70,0.00,0.00,2.00,,,,
355,,,SAMBAR MASALA,KG,20.48,28.00,0.00,1.00,,,,
356,,,Nescafe,,0.00,0.00,0.00,0.00,,,,
357,,,CHICKEN DRUMSTICK,,0.00,0.00,0.00,0.00,,,,
358,,,MANGO POWDER,,0.00,0.00,0.00,0.00,,,,
359,,,LOOSE TEA,,10.50,0.00,0.00,4.00,,,,
360,,,GOLDEN SELLA RICE,,5.99,0.00,0.00,1565.00,44,25,,
361,,,Tea,,0.00,0.00,0.00,0.00,,,,
362,,,WALNUTS(AKHROT),,0.00,0.00,0.00,0.00,,,,
363,,,teaa,,58.69,20.00,0.00,8.00,8,0,,
